run_id,filter,load,seed,n_inserted,n_insert_failed,n_queries,false_positives,fpr
bloom-0.50-s42,bloom,0.50,42,5000,0,10000,9,0.000900
bloom-0.50-s43,bloom,0.50,43,5000,0,10000,5,0.000500
bloom-0.50-s44,bloom,0.50,44,5000,0,10000,9,0.000900
bloom-0.70-s42,bloom,0.70,42,7000,0,10000,36,0.003600
bloom-0.70-s43,bloom,0.70,43,7000,0,10000,44,0.004400
bloom-0.70-s44,bloom,0.70,44,7000,0,10000,47,0.004700
bloom-0.80-s42,bloom,0.80,42,8000,0,10000,75,0.007500
bloom-0.80-s43,bloom,0.80,43,8000,0,10000,86,0.008600
bloom-0.80-s44,bloom,0.80,44,8000,0,10000,94,0.009400
bloom-0.90-s42,bloom,0.90,42,9000,0,10000,122,0.012200
bloom-0.90-s43,bloom,0.90,43,9000,0,10000,146,0.014600
bloom-0.90-s44,bloom,0.90,44,9000,0,10000,171,0.017100
bloom-0.95-s42,bloom,0.95,42,9500,0,10000,154,0.015400
bloom-0.95-s43,bloom,0.95,43,9500,0,10000,173,0.017300
bloom-0.95-s44,bloom,0.95,44,9500,0,10000,207,0.020700
cuckoo-0.50-s42,cuckoo,0.50,42,5000,0,10000,3,0.000300
cuckoo-0.50-s43,cuckoo,0.50,43,5000,0,10000,5,0.000500
cuckoo-0.50-s44,cuckoo,0.50,44,5000,0,10000,6,0.000600
cuckoo-0.70-s42,cuckoo,0.70,42,7000,0,10000,6,0.000600
cuckoo-0.70-s43,cuckoo,0.70,43,7000,0,10000,9,0.000900
cuckoo-0.70-s44,cuckoo,0.70,44,7000,0,10000,10,0.001000
cuckoo-0.80-s42,cuckoo,0.80,42,8000,0,10000,8,0.000800
cuckoo-0.80-s43,cuckoo,0.80,43,8000,0,10000,10,0.001000
cuckoo-0.80-s44,cuckoo,0.80,44,8000,0,10000,10,0.001000
cuckoo-0.90-s42,cuckoo,0.90,42,9000,0,10000,9,0.000900
cuckoo-0.90-s43,cuckoo,0.90,43,9000,0,10000,14,0.001400
cuckoo-0.90-s44,cuckoo,0.90,44,9000,0,10000,13,0.001300
cuckoo-0.95-s42,cuckoo,0.95,42,9500,0,10000,11,0.001100
cuckoo-0.95-s43,cuckoo,0.95,43,9500,0,10000,16,0.001600
cuckoo-0.95-s44,cuckoo,0.95,44,9500,0,10000,13,0.001300
